{"cameraMode":{"drawMode":0,"name":"Shaded","section":"Shading Mode"},"sceneLighting":true,"audioPlay":false,"sceneViewState":{"showFog":true,"showMaterialUpdate":false,"showSkybox":true,"showFlares":true,"showImageEffects":true,"showParticleSystems":true},"in2DMode":false,"pivot":{"x":-49.903480529785159,"y":-63.851112365722659,"z":-178.6105499267578},"rotation":{"x":-0.0949302539229393,"y":0.023883359506726266,"z":-0.00227735354565084,"w":-0.9952043890953064},"size":320.3145446777344,"orthographic":true}