{"cameraMode":{"drawMode":0,"name":"Shaded","section":"Shading Mode"},"sceneLighting":true,"audioPlay":false,"sceneViewState":{"showFog":true,"showMaterialUpdate":false,"showSkybox":true,"showFlares":true,"showImageEffects":true,"showParticleSystems":true},"in2DMode":false,"pivot":{"x":0.7822751402854919,"y":174.2162628173828,"z":26.222339630126954},"rotation":{"x":0.8030492067337036,"y":-0.000893820368219167,"z":0.00120457261800766,"w":0.5959078073501587},"size":92.69033813476563,"orthographic":true}