{"cameraMode":{"drawMode":0,"name":"Shaded","section":"Shading Mode"},"sceneLighting":true,"audioPlay":false,"sceneViewState":{"showFog":true,"showMaterialUpdate":false,"showSkybox":true,"showFlares":true,"showImageEffects":true,"showParticleSystems":true},"in2DMode":false,"pivot":{"x":25.640592575073243,"y":50.751461029052737,"z":-28.718679428100587},"rotation":{"x":-0.347278356552124,"y":0.32686659693717959,"z":-0.13059687614440919,"w":-0.8691958785057068},"size":12.566195487976075,"orthographic":false}