{"cameraMode":{"drawMode":0,"name":"Shaded","section":"Shading Mode"},"sceneLighting":true,"audioPlay":false,"sceneViewState":{"showFog":true,"showMaterialUpdate":false,"showSkybox":true,"showFlares":true,"showImageEffects":true,"showParticleSystems":true},"in2DMode":false,"pivot":{"x":-10.313698768615723,"y":-6.751623630523682,"z":52.66727066040039},"rotation":{"x":0.08499537408351898,"y":-0.09639329463243485,"z":0.008261783979833126,"w":0.9916753172874451},"size":56.37685775756836,"orthographic":false}